model,accuracy,f1_macro,f1_weighted,cv_f1_mean,cv_f1_std
Logistic Regression,0.726,0.5422077487309557,0.7081098389778551,0.5368305489713938,0.013094309594022557
Random Forest,0.592,0.32511883691841,0.5194186650181752,0.30839490866797875,0.0033050790595389773
LinearSVC,0.807,0.685756277878113,0.7990652751736769,0.6607225263642699,0.016312401514625343
