model,metric,value
Content-Based,Precision@1,0.34
Content-Based,Precision@3,0.7
Content-Based,Precision@5,0.83
Content-Based,Avg Cosine Sim,0.6374332308769226
SVD,RMSE,0.0018991317936973664
SVD,MAE,0.001240839602025193
NMF,RMSE,0.002450198789950666
NMF,MAE,0.0016169069032511095
KNN,RMSE,0.1703321893805869
KNN,MAE,0.14589003815581364
Hybrid(α=1.0),Precision@1,0.24
